package,path,time
@kaggle/material,src/deprecated/utils/__tests__/utils.ts,9.275
@kaggle/material,src/deprecated/SplitButton/SplitButton.test.tsx,13.358
@kaggle/material,src/Pagination/Pagination.test.tsx,13.966
@kaggle/material,src/Shelf/Shelf.test.tsx,14.816
@kaggle/material,src/Chip/Chip.test.tsx,14.966
@kaggle/components,src/datasets/Uploaders/utils/directories.test.ts,26.113
@kaggle/components,src/datasets/DataExplorerV3/Container/utils/isColumnFilterDeepEqual.test.ts,26.432
@kaggle/components,src/datasets/DataExplorerV3/Container/actions/setColumnCache.test.ts,26.431
@kaggle/components,src/community/search/utils/SearchNavigation.test.ts,26.606
@kaggle/components,src/datasets/Uploaders/ContainerStore/reducers/remote-files.test.ts,26.914
@kaggle/components,src/datasets/Uploaders/ContainerStore/reducers/local-files.test.ts,26.793
@kaggle/components,src/datasets/DataExplorerV3/Container/actions/setColumnQuery.test.ts,27.586
@kaggle/components,src/datasets/List/Search/datasetSearchState.test.ts,27.643
@kaggle/components,src/datasets/DataExplorerV3/Container/actions/mergeChildren.test.ts,27.293
@kaggle/components,src/datasets/DataExplorerV3/Container/actions/setMoreTabularPreview.test.ts,27.673
@kaggle/components,src/datasets/DatasetLandingPageMaterial/Browse/datasetBrowseOperations.test.ts,28.233
@kaggle/components,src/datasets/DataExplorerV3/Container/actions/loadMoreTabularPreview.test.ts,28.367
@kaggle/components,src/datasets/DataExplorerV3/Container/utils/getTableQuery.test.ts
@kaggle/components,src/datasets/List/utils/queryString.test.ts
@kaggle/components,src/datasets/Uploaders/ContainerStore/reducers/github.test.ts
@kaggle/components,src/datasets/DatasetLandingPageMaterial/Browse/datasetBrowseState.test.ts
@kaggle/components,src/community/search/models/SearchFilter.test.ts,28.918
@kaggle/components,src/datasets/DataExplorerV3/Container/utils/getPreviewCacheKey.test.ts
@kaggle/components,src/datasets/List/Search/datasetSearchOperation.test.ts,28.733
@kaggle/components,src/community/search/models/SearchAnalytics.test.ts,29.566
@kaggle/components,src/datasets/Uploaders/ContainerStore/ContainerStore.test.tsx,29.5
@kaggle/components,src/community/search/models/SearchManager.test.ts
@kaggle/components,src/datasets/Uploaders/utils/limits.test.ts
@kaggle/components,src/datasets/DataExplorerV3/Container/utils/getRootObjects.test.ts
@kaggle/components,src/community/login/services/LoginService.test.ts
@kaggle/components,src/datasets/DatasetLandingPageMaterial/UseDatasetLandingPage.test.tsx,31.542
@kaggle/components,src/datasets/DataExplorerV3/Container/actions/loadPreview.test.ts
@kaggle/components,src/datasets/Uploaders/utils/containerToRequest.test.ts,35.261
@kaggle/components,src/community/SearchLogger/SearchLogger.test.ts
@kaggle/components,src/datasets/DataExplorerV3/Preview/TablePreview/Shared/ColumnQuery/ColumnDateTimeFilter.test.tsx,38.883
@kaggle/components,src/datasets/DataExplorerV3/Preview/TablePreview/Shared/ColumnQuery/ColumnNumericFilter.test.tsx,38.783
@kaggle/components,src/datasets/Metadata/Utils.test.tsx
@kaggle/components,src/datasets/Tasks/Task/EditTask/View/View.test.tsx,40.161
@kaggle/components,src/datasets/Checklist/View/Body.test.tsx,13.524
@kaggle/components,src/datasets/HashLink/HashLink.test.tsx,12.374
@kaggle/components,src/datasets/DataExplorerV3/Container/utils/getColumnViewState.test.ts
@kaggle/components,src/datasets/DataExplorerV3/Container/actions/updateMetadata.test.ts
@kaggle/components,src/community/shared/Utils.test.ts
@kaggle/components,src/datasets/DataExplorerV3/Preview/TablePreview/Shared/HeaderCell.test.tsx,15.673
@kaggle/components,src/datasets/DataExplorerV3/Preview/TablePreview/Shared/MetricsChart/StringMetricsChart/StringMetricsChart.test.tsx,12.578
@kaggle/components,src/datasets/List/MaterialView/Header/Filters/Container/Container.test.tsx,42.265
@kaggle/components,src/datasets/Uploaders/LocalDirectories/RootDirectory/RootDirectory.test.tsx,15.718
@kaggle/components,src/datasets/DataExplorerV3/Preview/CompetitionSubmissionButton/CompetitionSubmissionButton.test.tsx,12.868
@kaggle/components,src/datasets/Tasks/Task/ViewTask/View/View.test.tsx,14.215
@kaggle/components,src/datasets/DataExplorerV3/Preview/TablePreview/TableColumnPreview/ColumnTypeSpecificDistribution.test.tsx,15.549
@kaggle/components,src/datasets/DataExplorerV3/Container/actions/select.test.ts
@kaggle/components,src/datasets/Citation/Modal/View.test.tsx,12.027
@kaggle/components,src/datasets/DataExplorerV3/Container/actions/loadColumns.test.ts
@kaggle/components,src/datasets/DataExplorerV3/Container/actions/selectColumns.test.ts
@kaggle/components,src/datasets/DataExplorerV3/Container/utils/getRootObjectTotalCounts.test.ts
@kaggle/components,src/community/search/models/SearchTokenizedString.test.ts
@kaggle/components,src/datasets/Uploaders/LocalDirectories/Shared/DirectoryItem/DirectoryItem.test.tsx
@kaggle/components,src/competitions/shared/AcceptanceModal/Acceptance.test.tsx,16.28
@kaggle/components,src/datasets/DataExplorerV3/Preview/TablePreview/Shared/ColumnQuery/ColumnStringFilter.test.tsx
@kaggle/components,src/datasets/Uploaders/DatasetUploader/DatasetUploader.test.tsx,17.265
@kaggle/components,src/datasets/Metadata/Metadata.test.tsx,46.446
@kaggle/components,src/datasets/DataExplorerV3/RightPanel/RightPanel.test.tsx,18.392
@kaggle/components,src/datasets/Uploaders/DatasetUploader/Pane/Pane.test.tsx,17.283
@kaggle/components,src/datasets/DataExplorerV3/Container/actions/loadMoreChildren.test.ts
@kaggle/components,src/datasets/Uploaders/CompetitionUploader/Pane/Pane.test.tsx
@kaggle/components,src/datasets/Uploaders/CompetitionUploader/CompetitionUploader.test.tsx,47.103
@kaggle/components,src/datasets/List/utils/modelsToDtos.test.ts
@kaggle/components,src/datasets/DataExplorerV3/Container/actions/setMetadata.test.ts
@kaggle/components,src/datasets/ApiHint/ApiHintSmallCompact/ApiHintSmallCompact.test.tsx,9.213
@kaggle/components,src/datasets/DataExplorerV3/Preview/PreviewControl/NotebookEditorPreviewControl.test.tsx,5.751
@kaggle/components,src/datasets/Uploaders/LocalDirectories/LocalDirectories.test.tsx,5.052
@kaggle/components,src/datasets/Uploaders/AdminFlags/AdminFlags.test.tsx
@kaggle/components,src/datasets/Uploaders/VersionUploader/Pane/Pane.test.tsx,10.288
@kaggle/components,src/datasets/DataExplorerV3/Container/utils/getChildPath.test.ts
@kaggle/components,src/datasets/Metadata/View/View.test.tsx,50.05
@kaggle/components,src/community/navigation/NavigationActiveEventsHelpers.test.tsx
@kaggle/components,src/kernels/DataSourceSelector/components/DataSourceSelector.test.tsx,19.719
@kaggle/components,src/datasets/Tasks/SubmissionModal/View/View.test.tsx,18.895
@kaggle/components,src/datasets/DataExplorerV3/Container/actions/loadColumnBaseInfo.test.ts
@kaggle/components,src/datasets/Metadata/View/UsageInfo/Doi/Doi.test.tsx,63.191
@kaggle/components,src/datasets/ApiHint/ApiHintSmallDetailed/ApiHintSmallDetailed.test.tsx,67.395
@kaggle/components,src/datasets/Tasks/SubmissionList/View/View.test.tsx,64.232
@kaggle/components,src/datasets/DataExplorerV3/Container/actions/loadInitialChildren.test.ts,59.911
@kaggle/components,src/datasets/DataExplorerV3/Container/utils/hasSimpleNotebookPreview.test.ts
@kaggle/components,src/community/search/models/SearchFilterSet.test.ts
@kaggle/components,src/datasets/DataExplorerV3/Preview/TablePreview/TableDetailPreview/TableMetadata.test.tsx,69.005
@kaggle/components,src/datasets/DataExplorerV3/Container/utils/getChildren.test.ts
@kaggle/components,src/datasets/Uploaders/LocalDirectories/Shared/DirectoryItem/StatusIcon/StatusIcon.test.tsx,61.914
@kaggle/components,src/datasets/DataExplorerV3/Preview/TablePreview/Shared/MetricCell.test.tsx,64.143
@kaggle/components,src/datasets/List/MaterialView/View.test.tsx,111.282
@kaggle/components,src/datasets/List/MaterialView/Header/Header.test.tsx,64.753
@kaggle/components,src/datasets/CodeConfig/CodeConfig.test.tsx,67.571
@kaggle/components,src/datasets/DataExplorerV3/Preview/Preview.test.tsx,112.557
@kaggle/components,src/datasets/Uploaders/CompetitionUploader/View/View.test.tsx,62.847
@kaggle/components,src/datasets/DataExplorerV3/Container/utils/getVerificationInfo.test.ts
@kaggle/components,src/datasets/Uploaders/VersionUploader/View/View.test.tsx,62.869
@kaggle/components,src/datasets/DataExplorerV3/Preview/TablePreview/TableDetailPreview/TableDetailPreview.test.tsx,63.871
@kaggle/components,src/competitions/context/providers/lang/lang.test.ts
@kaggle/components,src/community/navigation/NavigationActiveEventsList.test.tsx,68.131
@kaggle/components,src/datasets/DatasetLandingPageMaterial/View/Search/TagsRow/TagsRow.test.tsx,66.767
@kaggle/components,src/datasets/DataExplorerV3/Container/utils/getColumnTypeIcon.test.ts
@kaggle/components,src/kernels/Listing/listNotebooksUtils.test.tsx
@kaggle/components,src/datasets/DataExplorerV3/Preview/TablePreview/Shared/ColumnQuery/ColumnQuery.test.tsx,63.687
@kaggle/components,src/community/search/models/SearchResultItemCompetition.test.ts
@kaggle/components,src/datasets/Uploaders/DatasetUploader/View/View.test.tsx,64.275
@kaggle/components,src/community/Discussions/Views/DiscussionsTopicList/DiscussionsTopicList.test.tsx,85.933
@kaggle/components,src/competitions/shared/LazyList/LazyList.test.tsx,67.717
@kaggle/components,src/community/search/models/SearchQuery.test.ts
@kaggle/components,src/datasets/DataExplorerV3/Container/utils/toErrorMessage.test.ts
@kaggle/components,src/datasets/DataExplorerV3/Container/utils/getNeededColumns.test.ts
@kaggle/components,src/community/search/models/SearchResultItem.test.ts
@kaggle/components,src/datasets/DataExplorerV3/Preview/Description/Description.test.tsx
@kaggle/components,src/common/ReactJoin/ReactJoin.test.tsx,5.139
@kaggle/components,src/datasets/Citation/Pane/Pane.test.tsx,5.248
@kaggle/components,src/datasets/List/MaterialDatasetsList.test.tsx,116.59
@kaggle/components,src/competitions/context/providers/location/location.test.ts
@kaggle/components,src/datasets/DataExplorerV3/Preview/PreviewControl/ColumnSelector.test.tsx,75.038
@kaggle/components,src/kernels/CaipExportModal/CaipExportModal.test.tsx,70.499
@kaggle/components,src/datasets/DataExplorerV3/Preview/TablePreview/TableColumnPreview/ColumnPreviewCell.test.tsx,5.811
@kaggle/components,src/datasets/Tasks/SubmissionList/SubmissionListItem/SubmissionListItem.test.tsx
@kaggle/components,src/datasets/DataExplorerV3/Container/actions/expand.test.ts
@kaggle/components,src/datasets/DataExplorerV3/Preview/TablePreview/Shared/HeaderRow.test.tsx,5.385
@kaggle/components,src/datasets/DataExplorerV3/Preview/TablePreview/TableCompactPreview/TableCompactPreview.test.tsx,6.296
@kaggle/components,src/competitions/context/providers/viewport/viewport.test.ts
@kaggle/components,src/datasets/DataExplorerV3/Tree/Tree.test.tsx,5.497
@kaggle/components,src/community/search/views/SearchPageSelector/SearchPageSelector.test.tsx,5.223
@kaggle/components,src/datasets/Tasks/List/View/View.test.tsx,6.148
@kaggle/components,src/community/search/views/SearchFullResultsPage/SearchFullResultsPage.test.tsx,68.961
@kaggle/components,src/datasets/DatasetLandingPageMaterial/View/Search/Search.test.tsx,69.258
@kaggle/components,src/datasets/AttachToCompetitionModal/AttachToCompetitionModal.test.tsx,6.549
@kaggle/components,src/datasets/Uploaders/LocalDirectories/Directory/Directory.test.tsx,5.533
@kaggle/components,src/datasets/List/MaterialView/Header/Filters/Container/Modal/Modal.test.tsx,5.881
@kaggle/components,src/datasets/DataExplorerV3/RightPanel/NotebookViewerOutputRightPanel.test.tsx,9.035
@kaggle/components,src/datasets/Citation/Modal/Modal.test.tsx
@kaggle/components,src/datasets/List/MaterialView/Header/SearchHistory/SearchHistory.test.tsx
@kaggle/components,src/competitions/shared/Table/Table.test.tsx,10.091
@kaggle/components,src/datasets/Dataset/FileSelectionModal/FileSelectionModal.test.tsx,9.653
@kaggle/components,src/datasets/DataExplorerV3/Container/utils/getTotalChildCount.test.ts
@kaggle/components,src/datasets/DataExplorerV3/Container/utils/getTotalSize.test.ts
@kaggle/components,src/datasets/DataExplorerV3/Container/utils/findObject.test.ts
@kaggle/components,src/datasets/AttachToCompetitionModal/View/View.test.tsx,9.927
@kaggle/components,src/datasets/DataExplorerV3/Preview/DirectoryPreview/DirectoryPreview.test.tsx
@kaggle/components,src/datasets/DataExplorerV3/StaticDataExplorer.test.tsx,5.775
@kaggle/components,src/competitions/console/console.test.ts
@kaggle/components,src/datasets/Uploaders/LocalDirectories/ExistingDirectory/ExistingDirectory.test.tsx
@kaggle/components,src/datasets/DataExplorerV3/Preview/TablePreview/Shared/ColumnQuery/ColumnBooleanFilter.test.tsx
@kaggle/components,src/community/Discussions/Views/DiscussionsVoteButton/MaterialDiscussionsVoteButton.test.tsx
@kaggle/components,src/datasets/Citation/Pane/View.test.tsx
@kaggle/components,src/competitions/Competition/pages/Datasets/Datasets.test.tsx,74.372
@kaggle/components,src/datasets/utils/urlUtil.test.ts
@kaggle/components,src/datasets/Uploaders/DatasetUploader/UploaderConfirmModal/UploaderConfirmModal.test.tsx,5.229
@kaggle/components,src/datasets/DataExplorerV3/Container/utils/getNotLoadedColumns.test.ts
@kaggle/components,src/datasets/Checklist/View/Header.test.tsx,10.607
@kaggle/components,src/datasets/List/MaterialView/Body/DatasetListItem/DatasetListItem.test.tsx,5.662
@kaggle/components,src/datasets/Tasks/Task/EditTask/EditTask.test.tsx
@kaggle/components,src/datasets/DataExplorerV3/RightPanel/NotebookViewerInputRightPanel.test.tsx,8.665
@kaggle/components,src/datasets/DataExplorerV3/Container/utils/getActualChildCount.test.ts
@kaggle/components,src/competitions/shared/Refresher/Refresher.test.tsx,9.491
@kaggle/components,src/datasets/ApiHint/ApiHintSmallContainer.test.tsx,7.507
@kaggle/components,src/datasets/DataExplorerV3/Container/utils/getEditorPath.test.ts
@kaggle/components,src/datasets/DataExplorerV3/Preview/TablePreview/Shared/MetricsChart/StringMetricsChart/Bar.test.tsx
@kaggle/components,src/datasets/DataExplorerV3/Container/utils/equal.test.ts
@kaggle/components,src/datasets/DataExplorerV3/DefaultDataExplorer.test.tsx,5.006
@kaggle/components,src/datasets/Uploaders/LocalDirectories/Shared/FileItem/FileItem.test.tsx
@kaggle/components,src/community/search/views/SearchAppliedFilters/SearchAppliedFilters.test.tsx
@kaggle/components,src/community/search/models/SearchResultItemKernel.test.ts
@kaggle/components,src/datasets/DatasetLandingPageMaterial/View/View.test.tsx,124.455
@kaggle/components,src/datasets/DataExplorerV3/Summary/Summary.test.tsx,8.435
@kaggle/components,src/datasets/DataExplorerV3/Preview/TablePreview/TableColumnPreview/ColumnDistribution.test.tsx
@kaggle/components,src/datasets/Uploaders/LocalDirectories/Shared/ExistingDirectoryItem/ExistingDirectoryItem.test.tsx
@kaggle/components,src/datasets/List/MaterialView/Body/DatasetListItem/UsabilityRating/usabilityRating.test.ts
@kaggle/components,src/datasets/DataExplorerV3/Container/utils/getFirstSelection.test.ts
@kaggle/components,src/community/search/views/SearchSortDropdown/SearchSortDropdown.test.tsx
@kaggle/components,src/community/search/models/SearchFilterGroup.test.ts
@kaggle/components,src/datasets/Uploaders/Flow/Flow.test.tsx,6.423
@kaggle/components,src/datasets/DataExplorerV3/Shared/CompetitionRulesAcceptance/CompetitionRulesAcceptance.test.tsx
@kaggle/components,src/community/search/views/SearchFilterList/SearchFilterCheckboxGroup.test.tsx,5.448
@kaggle/components,src/datasets/Checklist/Checklist.test.tsx
@kaggle/components,src/competitions/shared/Table/TableRow/TableRow.test.tsx
@kaggle/components,src/competitions/shared/Tooltip/Tooltip.test.tsx
@kaggle/components,src/datasets/DataExplorerV3/Container/utils/canExpand.test.ts
@kaggle/components,src/datasets/Tasks/SubmissionModal/SearchResultList/SearchResultList.test.tsx
@kaggle/components,src/community/search/models/SearchResultItemDataset.test.ts
@kaggle/components,src/datasets/UsabilityRating/UsabilityRating.test.tsx
@kaggle/components,src/datasets/Uploaders/LocalDirectories/Shared/Breadcrumb/Breadcrumb.test.tsx
@kaggle/components,src/community/search/views/SearchGroup/SearchGroup.test.tsx
@kaggle/components,src/datasets/DataExplorerV3/Container/utils/getDisplaySize.test.ts
@kaggle/components,src/datasets/DataExplorerV3/Preview/PreviewControl/TableControl.test.tsx
@kaggle/components,src/datasets/DataExplorerV3/CompetitionExplorer/CompetitionExplorer.test.tsx,9.238
@kaggle/components,src/datasets/DataExplorerV3/Preview/TruncationMessage/TruncationMessage.test.tsx
@kaggle/components,src/community/KagglePro/View/View.test.tsx,10.87
@kaggle/components,src/datasets/DataExplorerV3/Preview/TablePreview/Shared/MetricsChart/NumericMetricsChart/NumericMetricsChart.test.tsx
@kaggle/components,src/datasets/DatasetLandingPageMaterial/View/BrowseBody/BrowseBody.test.tsx
@kaggle/components,src/datasets/DataExplorerV3/DatasetExplorer/DatasetExplorer.test.tsx,8.785
@kaggle/components,src/datasets/DataExplorerV3/Tree/TreeItem/TreeItem.test.tsx
@kaggle/components,src/competitions/utils/timeRemaining/timeRemaining.test.ts
@kaggle/components,src/kernels/CaipExportModal/caipExportUrl.test.ts
@kaggle/components,src/competitions/context/providers/user/user.test.ts
@kaggle/components,src/datasets/Uploaders/Shared/StatusBar/StatusBar.test.tsx
@kaggle/components,src/competitions/context/providers/competition/competition.test.ts
@kaggle/components,src/community/search/views/SearchCategorySelector/SearchCategoryChip.test.tsx
@kaggle/components,src/datasets/Metadata/View/Utils/TextUtils.test.tsx
@kaggle/components,src/datasets/DataExplorerV3/Preview/DataSourcePreview/DataSourcePreview.test.tsx
@kaggle/components,src/datasets/Tasks/SidebarList/View/View.test.tsx,8.065
@kaggle/components,src/datasets/DataExplorerV3/Summary/GenericSummary.test.tsx,6.951
@kaggle/components,src/datasets/Uploaders/ContainerStore/reducers/gcs-fileset.test.ts
@kaggle/components,src/datasets/DataExplorerV3/Preview/TablePreview/Shared/ColumnQuery/ColumnManualRangeInput.test.tsx
@kaggle/components,src/datasets/Metadata/View/DataCoverage/TemporalCoverage/EditSelections.test.tsx,6.139
@kaggle/components,src/datasets/Shared/SidebarPane/SidebarPaneView.test.tsx
@kaggle/components,src/datasets/DataExplorerV3/Container/utils/isRootLevelObject.test.ts
@kaggle/components,src/datasets/DataExplorerV3/Preview/JsonPreview/JsonPreview.test.tsx,5.009
@kaggle/components,src/community/search/models/SearchCache.test.ts
@kaggle/components,src/datasets/DataExplorerV3/Container/actions/setPreview.test.ts
@kaggle/components,src/common/ProfilePopoverAvatar/ProfilePopoverAvatar.test.tsx
@kaggle/components,src/datasets/AttachToCompetitionModal/SearchResultList/SearchResultList.test.tsx
@kaggle/components,src/community/search/models/SearchFullResult.test.ts
@kaggle/components,src/datasets/Tasks/SubmissionModal/SubmissionResult/SubmissionResult.test.tsx
@kaggle/components,src/datasets/DataExplorerV3/NotebookViewerExplorer/NotebookViewerExplorer.test.tsx,8.868
@kaggle/components,src/datasets/Uploaders/KernelOutput/KernelList/KernelListItem.test.tsx
@kaggle/components,src/datasets/Uploaders/LocalDirectories/Shared/Shared/Warning.test.tsx
@kaggle/components,src/datasets/Uploaders/LocalDirectories/Shared/FileItem/StatusIcon/StatusIcon.test.tsx
@kaggle/components,src/datasets/DataExplorerV3/Preview/TextPreview/TextPreview.test.tsx
@kaggle/components,src/datasets/DataExplorerV3/Container/utils/getColumnCache.test.ts
@kaggle/components,src/datasets/DataExplorerV3/Container/utils/toStableString.test.ts
@kaggle/components,src/community/search/views/SearchInputBar/SearchInputBar.test.tsx
@kaggle/components,src/competitions/shared/Router/Router.test.tsx
@kaggle/components,src/community/search/models/SearchResultItemUser.test.ts
@kaggle/components,src/community/search/views/SearchFilterList/SearchFilterCheckbox.test.tsx
@kaggle/components,src/community/search/views/SearchFilterList/SearchFilterTag.test.tsx
@kaggle/components,src/community/search/views/SearchFilterList/SearchFilterHeader.test.tsx
@kaggle/components,src/datasets/DatasetLandingPageMaterial/View/Header/Header.test.tsx
@kaggle/components,src/datasets/DataExplorerV3/Container/actions/setTabularView.test.ts
@kaggle/components,src/competitions/shared/Nav/NavItem/NavItem.test.tsx,6.601
@kaggle/components,src/datasets/Shared/SidebarPane/SidebarPane.test.tsx
@kaggle/components,src/competitions/shared/Link/Link.test.tsx
@kaggle/components,src/datasets/DataExplorerV3/Shared/ExtendedErrorView/ExtendedErrorView.test.tsx
@kaggle/components,src/datasets/DatasetLandingPageMaterial/View/Shared/TaskListItem/TaskListItem.test.tsx
@kaggle/components,src/datasets/Metadata/View/UsageInfo/Doi/PersistenceWarningModal/PersistenceWarningModal.test.tsx,6.478
@kaggle/components,src/competitions/shared/Table/TableCell/TableCell.test.tsx
@kaggle/components,src/datasets/DataExplorerV3/Preview/TablePreview/TableColumnPreview/TableColumnPreview.test.tsx
@kaggle/components,src/community/search/views/SearchResult/SearchCondensedResult.test.tsx
@kaggle/components,src/datasets/Checklist/View/Item.test.tsx
@kaggle/components,src/datasets/Tasks/List/TaskListItem/TaskListItem.test.tsx
@kaggle/components,src/datasets/DataExplorerV3/Container/actions/downloadObject.test.ts
@kaggle/components,src/community/search/views/SearchFilterList/SearchFilterList.test.tsx,5.158
@kaggle/components,src/datasets/DataExplorerV3/Container/utils/needToLoadInitialChildren.test.ts
@kaggle/components,src/competitions/context/providers/messages/messages.test.ts
@kaggle/components,src/datasets/Uploaders/utils/getContainerFileCount.test.ts
@kaggle/components,src/datasets/DataExplorerV3/Preview/MarkdownPreview/MarkdownPreview.test.tsx
@kaggle/components,src/datasets/Uploaders/RemoteFiles/RemoteUploadFilesList/RemoteUploadFilesList.test.tsx
@kaggle/components,src/community/login/views/LoginStartPage/LoginStartPage.test.tsx,10.839
@kaggle/components,src/datasets/DataExplorerV3/Preview/TablePreview/Shared/MetricsChart/BooleanMetricsChart/BooleanMetricsChart.test.tsx
@kaggle/components,src/datasets/Uploaders/utils/getBytesInContainer.test.ts
@kaggle/components,src/community/navigation/NavigationCurrentPage.test.tsx
@kaggle/components,src/datasets/Banners/DefaultBanner.test.tsx,7.313
@kaggle/components,src/community/search/models/SearchInitialData.test.ts
@kaggle/components,src/datasets/DataExplorerV3/Container/actions/collapseTree.test.ts
@kaggle/components,src/community/login/models/LoginRegistrationErrors.test.ts
@kaggle/components,src/community/markdown/Markdown.test.ts
@kaggle/components,src/datasets/DataExplorerV3/Container/actions/maximize.test.ts
@kaggle/components,src/competitions/shared/Messages/Messages.test.tsx,5.993
@kaggle/components,src/community/search/transformers/SearchTransformers.test.ts
@kaggle/components,src/datasets/DataExplorerV3/Preview/TablePreview/Shared/MetricsChart/DateTimeMetricsChart/DateTimeMetricsChart.test.tsx
@kaggle/components,src/datasets/DataExplorerV3/Container/utils/isTabularData.test.ts
@kaggle/components,src/datasets/DataExplorerV3/Container/utils/hasTableInfo.test.ts
@kaggle/components,src/datasets/DataExplorerV3/Preview/TablePreview/Shared/ColumnTypeMenu.test.tsx
@kaggle/components,src/datasets/DataExplorerV3/Container/utils/createDataSource.test.ts
@kaggle/components,src/datasets/DataExplorerV3/Preview/TablePreview/Shared/ColumnQuery/ColumnSort.test.tsx
@kaggle/components,src/community/search/views/SearchFilterDrawer/SearchFilterDrawer.test.tsx
@kaggle/components,src/community/search/models/SearchResultItemTopic.test.ts
@kaggle/components,src/datasets/utils/utils.test.ts
@kaggle/components,src/common/Format/Format.test.ts
@kaggle/components,src/community/search/views/SearchSubheaderItems/SearchSubheaderItems.test.tsx
@kaggle/components,src/community/search/models/SearchResultItemComment.test.ts
@kaggle/components,src/community/search/views/SearchFilterList/SearchFilterRadioGroup.test.tsx
@kaggle/components,src/community/search/views/SearchResult/SearchAvatar.test.tsx
@kaggle/components,src/datasets/DataExplorerV3/Container/utils/getPreviewState.test.ts
@kaggle/components,src/datasets/DataExplorerV3/Shared/ErrorView/ErrorView.test.tsx
@kaggle/components,src/community/search/models/SearchResultGroup.test.ts
@kaggle/components,src/datasets/DataExplorerV3/Container/utils/getExpandedState.test.ts
@kaggle/components,src/community/search/models/SearchResultItemOrganization.test.ts
@kaggle/components,src/datasets/DataExplorerV3/Shared/SimpleErrorView/SimpleErrorView.test.tsx
@kaggle/components,src/datasets/DatasetLandingPageMaterial/View/Footer/Footer.test.tsx
@kaggle/components,src/datasets/DataExplorerV3/NotebookEditorExplorer/NotebookEditorTree.test.tsx,5.202
@kaggle/components,src/community/search/views/SearchTag/SearchTagList.test.tsx
@kaggle/components,src/datasets/DatasetLandingPageMaterial/View/Shared/TaskCardItem/TaskCardItem.test.tsx
@kaggle/components,src/datasets/DataExplorerV3/Container/utils/hasUnloadedChildren.test.ts
@kaggle/components,src/community/search/models/SearchResultItemBlog.test.ts
@kaggle/components,src/datasets/Uploaders/RemoteFiles/RemoteFiles.test.tsx,6.066
@kaggle/components,src/competitions/context/Provider/Provider.test.tsx
@kaggle/components,src/datasets/DataExplorerV3/Preview/VideoPreview/VideoPreview.test.tsx
@kaggle/components,src/community/search/views/SearchResult/SearchFullResult.test.tsx
@kaggle/components,src/community/search/views/SearchCategorySelector/SearchCategorySelector.test.tsx
@kaggle/components,src/community/search/views/SearchCondensedListItem/SearchCondensedListItem.test.tsx
@kaggle/components,src/datasets/DataExplorerV3/Preview/TableSummaryPreview/TableSummaryPreview.test.tsx
@kaggle/components,src/datasets/DataExplorerV3/Preview/AudioPreview/AudioPreview.test.tsx
@kaggle/components,src/datasets/DatasetLandingPageMaterial/View/ResultsBody/ResultsBody.test.tsx
@kaggle/components,src/datasets/List/utils/getDatasetFileSummary.test.ts
@kaggle/components,src/community/search/views/SearchFilterList/SearchFilterTagGroup.test.tsx
@kaggle/components,src/datasets/DataExplorerV3/Preview/PdfPreview/PdfPreview.test.tsx
@kaggle/components,src/datasets/DataExplorerV3/Preview/ImagePreview/ImagePreview.test.tsx
@kaggle/components,src/competitions/context/providers/analytics/analytics.test.ts
@kaggle/components,src/datasets/DatasetLandingPageMaterial/View/Shared/DatasetCardItem/DatasetCardItem.test.tsx
@kaggle/components,src/datasets/MaintainerBadge/MaintainerBadge.test.tsx,7.279
@kaggle/components,src/datasets/Shared/LineTextCopy/LineTextCopy.test.tsx
@kaggle/components,src/datasets/Tasks/SidebarList/TaskSidebarListItem/TaskSidebarListItem.test.tsx
@kaggle/components,src/competitions/Competition/pages/Leaderboard/LeaderboardTable/LeaderboardTable.test.tsx,11.851
@kaggle/components,src/datasets/UsabilityRating/View/View.test.tsx,6.794
@kaggle/components,src/datasets/DataExplorerV3/Tree/TreeItem/TreeItemButtons.test.tsx
@kaggle/components,src/competitions/shared/Panel/PanelHeader/PanelHeader.test.tsx,712.128
@kaggle/components,src/community/login/views/LoginButton/LoginButton.test.tsx,713.963
@kaggle/components,src/datasets/DataExplorerV3/Preview/TablePreview/Shared/Footer.test.tsx,713.838
@kaggle/components,src/datasets/DataExplorerV3/Preview/TablePreview/Shared/MetricsChart/Utils/HistogramMinMaxLabel/HistogramMinMaxLabel.test.tsx,713.794
@kaggle/components,src/competitions/shared/Panel/PanelContent/PanelContent.test.tsx,712.737
@kaggle/components,src/datasets/DataExplorerV3/Tree/TreeItem/TreeItemMenu.test.tsx,715.108
@kaggle/components,src/competitions/shared/Panel/PanelNav/PanelNav.test.tsx,713.278
@kaggle/components,src/datasets/Metadata/View/UsageInfo/Doi/DoiGenerationSuccessModal/DoiGenerationSuccessModal.test.tsx,716.465
@kaggle/components,src/community/search/views/SearchFilterList/SearchFilterCount.test.tsx,714.426
@kaggle/components,src/community/search/views/SearchGroup/SearchGroupHeader.test.tsx,715.034
@kaggle/components,src/datasets/FeaturePromotion/HashLinkPromotion.test.tsx,844.611
@kaggle/components,src/community/search/utils/SearchUtils.test.ts,128.599
@kaggle/components,src/community/search/views/SearchInputPlaceholder/SearchInputPlaceholder.test.tsx,844.307
@kaggle/components,src/competitions/Competition/pages/Submissions/Submissions.test.tsx,843.685
@kaggle/components,src/competitions/Competition/pages/NotFound/NotFound.test.tsx,842.993
@kaggle/components,src/competitions/Competition/pages/Discussion/Discussion.test.tsx,843.761
@kaggle/components,src/competitions/Documentation/pages/InClassFAQs/InClassFAQs.test.tsx,849.338
@kaggle/components,src/competitions/Competition/pages/Notebooks/Notebooks.test.tsx,843.88
@kaggle/components,src/kernels/utils/utils.test.ts
@kaggle/components,src/datasets/DataExplorerV3/Shared/LoadingView/LoadingView.test.tsx,843.522
@kaggle/components,src/community/login/views/LoginTermsOfServicePage/LoginTermsOfServicePage.test.tsx,846.26
@kaggle/components,src/competitions/Documentation/Dialogs/GetStarted/GetStarted.test.tsx,846.105
@kaggle/components,src/competitions/Documentation/Dialogs/WhatIsML/WhatIsML.test.tsx,845.774
@kaggle/components,src/competitions/Documentation/Dialogs/Dialogs.test.tsx,845.774
@kaggle/components,src/competitions/shared/Panel/Panel.test.tsx,131.961
@kaggle/components,src/competitions/Competition/pages/Rules/Rules.test.tsx,844.346
@kaggle/components,src/competitions/Competition/Competition.test.tsx,846.867
@kaggle/components,src/competitions/Competition/Header/Header.test.tsx,844.587
@kaggle/components,src/competitions/Competition/pages/Admin/Admin.test.tsx,844.458
@kaggle/components,src/competitions/Documentation/pages/InClassHowItWorks/InClassHowItWorks.test.tsx,845.511
@kaggle/components,src/competitions/Competition/pages/Host/Host.test.tsx,134.24
@kaggle/components,src/competitions/Competition/pages/Team/Team.test.tsx,134.246
@kaggle/components,src/competitions/Competition/pages/Data/Data.test.tsx,134.531
@kaggle/components,src/competitions/Competition/Header/Nav/Nav.test.tsx,134.569
@kaggle/components,src/competitions/Documentation/pages/HostRecruiting/HostRecruiting.test.tsx,846.306
@kaggle/components,src/competitions/Documentation/pages/Host/Host.test.tsx,134.943
@kaggle/components,src/competitions/Documentation/pages/InClass/InClass.test.tsx,135.172
@kaggle/components,src/competitions/Documentation/pages/HostBusiness/HostBusiness.test.tsx,136.207
@kaggle/components,src/competitions/Documentation/pages/HostResearch/HostResearch.test.tsx,135.245
@kaggle/components,src/competitions/Competition/pages/Overview/Overview.test.tsx,15.497
@kaggle/components,src/common/TimeAgo/Ago.test.tsx,883.199
